"location_actividad","tags_categorias_actividades","name_actividad"
"-90.98727,-0.957861","Monumentos y lugares de interes,Atracciones y lugares de interes","The Wall of Tears"
",","Teatro y espectaculos,Conciertos y espectaculos","La Gallera Teatro"
",","Tiendas especializadas y de regalos,Compras","Pacha Chocolates"
"-78.479195,-0.199828","Spas y centros de bienestar","Neo Apolo Spa"
",","Zoologicos y acuarios,Naturaleza y parques,Actividades al aire libre","Zoologico la isla del Tapir"
"-78.411804,-0.066541","Centros de juego y entretenimiento,Diversion y juegos","Cyber Game Cafe"
"-78.49112,-0.201893","Mas opciones gastronomicas,Comida y bebida","Fragola Fussion"
",","Taxis y otros servicios de traslado,Transporte","Parqueadero VIP"
",","Transporte en autobus,Transporte","Turi Bus"
",","Parques acuaticos y de diversiones","Balneario Pisagua"
",","Bibliotecas,Recursos para viajeros","The English Library"
"-78.49107,-0.202745","Monumentos y lugares de interes,Atracciones y lugares de interes","Plaza Foch"
"-80.81207,-1.556219","Tours de naturaleza y vida silvestre,Avistamiento de delfines y ballenas,Tours,Tours en barco y deportes acuaticos,Actividades al aire libre","Puerto López"
",","Tours turisticos,Tours","Manta SOS Guide - Day Tours"
"-80.99697,-2.203453","Mas actividades al aire libre,Actividades al aire libre","La Chocolatera"
",","Playas,Naturaleza y parques,Actividades al aire libre","Playa de Chipipe"
"-89.42967,-0.926544","Playas,Naturaleza y parques,Actividades al aire libre","Puerto Chino Beach"
"-90.22209,-0.694792","Parques,Playas,Naturaleza y parques,Actividades al aire libre","El Garrapatero"
"-89.6125,-0.926667","Playas,Actividades al aire libre,Naturaleza y parques","Las Loberias"
"-78.84679,-1.474156","Rutas para ciclismo,Naturaleza y parques,Actividades al aire libre","Pro Bici"
"-78.29676,-1.401917","Rutas para ciclismo,Cascadas,Naturaleza y parques,Actividades al aire libre","Ruta de las cascadas"
"-80.79242,-1.4942","Playas,Naturaleza y parques,Actividades al aire libre","Playa de los Frailes"
"-90.339554,-0.763917","Playas,Naturaleza y parques,Actividades al aire libre","Galapagos Beach at Tortuga Bay"
"-90.43181,-0.669198","Tours de naturaleza y vida silvestre,Tours,Actividades al aire libre","Isla Santa Cruz"
"-78.42118,-1.398475","Tours en bicicleta,Tours turisticos,Tours,Actividades al aire libre","mts adventure"
"-78.84739,-2.200975","Ferrocarriles turisticos,Tours de ferrocarriles,Tours","La Nariz del Diablo"
"-78.473305,-0.159375","Tours turisticos,Tours","Metropolitan Touring"
"-78.51253,-0.219728","Tours por la ciudad,Tours culturales,Tours,Actividades al aire libre","EQ Touring Company - Day Tours"
"-78.51102,-0.219704","Tours privados,Tours de naturaleza y vida silvestre,Tours,Actividades al aire libre","Ecuatraveling - Day Tours"
"-78.491554,-0.197733","Alquileres de equipos,Tours en motocicleta,Tours,Actividades al aire libre","Ecuador Freedom Bike Rental - Day Tours"
"-78.47929,-0.201002","Tours de naturaleza y vida silvestre,Tours a caballo,Actividades al aire libre,Tours","Ecua Horse Rides"
",","Tours turisticos,Tours","Let's Go to Ecuador Day Tours"
",","Tours historicos,Tours","Quito Historical Old Town Tour"
"-78.48184,-0.176888","Tours en autobus,Tours con paradas,Tours","Quito Tour Bus"
"-90.32122,-0.739325","Tours privados,Tours de naturaleza y vida silvestre,Tours,Actividades al aire libre","Guiding Galapagos Expeditions"
"-78.77483,-0.06385","Tirolesa y parques de aventuras aereas,Tours de naturaleza y vida silvestre,Actividades al aire libre,Tours","Mindo Canopy Adventure"
"-78.47713,-0.183832","Tours privados,Tours","Happy Gringo Travel - Day Tours"
"-79.87633,-2.184906","Tours turisticos,Tours","My trip to Ecuador - Day Tours"
"-78.488144,-0.199503","Montanas,Tours en bicicleta,Actividades al aire libre,Naturaleza y parques,Tours","Biking Dutchman"
"-78.51452,-0.224039","Tours a pie,Tours","Free Walking Tour Ecuador"
"-76.24776,-0.03925","Tours en bicicleta,Tours de naturaleza y vida silvestre,Actividades al aire libre,Tours","CarpeDM Adventures - Day Tours"
",","Buceo y esnorquel,Tours,Actividades al aire libre,Tours en barco y deportes acuaticos","Los Mantas Dive Center"
"-77.81416,-0.994358","Practica de kayak y canotaje,Rafting y nado con salvavidas en el rio,Tours,Actividades al aire libre,Tours en barco y deportes acuaticos","Raft Amazonia"
"-78.42206,-1.397855","Tours para practicar rapel y barranquismo,Tours privados,Actividades al aire libre,Tours en barco y deportes acuaticos,Tours","Marberktour"
"-90.31096,-0.742567","Buceo y esnorquel,Tours,Actividades al aire libre,Tours en barco y deportes acuaticos","Dive Center Silberstein"
"-90.31343,-0.746076","Buceo y esnorquel,Deportes acuaticos,Tours,Tours en barco y deportes acuaticos,Actividades al aire libre","Eagleray Tours"
"-78.42373,-1.396743","Rafting y nado con salvavidas en el rio,Tours para practicar rapel y barranquismo,Tours,Tours en barco y deportes acuaticos,Actividades al aire libre","Wonderful Ecuador"
",","Avistamiento de delfines y ballenas,Buceo y esnorquel,Tours en barco y deportes acuaticos,Tours,Actividades al aire libre","Fondo Azul"
"-79.005196,-2.901406","Buceo y esnorquel,Tours en barco y deportes acuaticos,Tours,Actividades al aire libre","TerraDiversa"
"-77.81487,-0.99269","Tours en bicicleta,Practica de kayak y canotaje,Tours,Actividades al aire libre,Tours en barco y deportes acuaticos","AquaXtreme"
"-80.75228,-1.827011","Buceo y esnorquel,Paravelismo y parapente,Actividades al aire libre,Tours en barco y deportes acuaticos,Tours","Go Montanita S.A."
"-80.96157,-2.205049","Museos especializados,Museos","Museo de las Ballenas"
"-78.487816,-0.198764","Museos especializados,Museos","Museo Mindalae"
"-80.812775,-1.558405","Buceo y esnorquel,Tours,Actividades al aire libre,Tours en barco y deportes acuaticos","Puerto López"
"-90.30666,-0.741445","Buceo y esnorquel,Actividades al aire libre,Tours en barco y deportes acuaticos,Tours","Macarron Scuba Diver"
"-80.83645,-0.970697","Excursiones de pesca,Surf, windsurf y kitesurf,Actividades al aire libre,Tours en barco y deportes acuaticos,Tours","Ocean Freaks"
"-78.49721,-0.204568","Tours extremos y de adrenalina,Tours culturales,Tours,Tours en barco y deportes acuaticos,Actividades al aire libre","Ecuador Green Travel"
",","Buceo y esnorquel,Tours,Actividades al aire libre,Tours en barco y deportes acuaticos","Wreck Bay Diving Center"
",","Tours de excursionismo y campamentos,Tours de naturaleza y vida silvestre,Actividades al aire libre,Tours,Tours en barco y deportes acuaticos","Galapagos Unbound - ROW Day Tours and Adventures"
"-90.31293,-0.746947","Buceo y esnorquel,Actividades al aire libre,Tours,Tours en barco y deportes acuaticos","Academy Bay Dive Center"
"-90.30666,-0.741445","Buceo y esnorquel,Tours en barco y deportes acuaticos,Actividades al aire libre,Tours","Scuba Iguana"
"-90.3133,-0.747049","Buceo y esnorquel,Tours,Actividades al aire libre,Tours en barco y deportes acuaticos","Galapagos Travellers Dive Center"
",","Tours culturales,Tours,Tours en barco y deportes acuaticos,Actividades al aire libre","Guayaquil A Guided Visit"
"-78.479294,-0.201034","Tours de naturaleza y vida silvestre,Tours culturales,Tours,Actividades al aire libre,Tours en barco y deportes acuaticos","Rebecca Adventure Travel"
"-89.611496,-0.901935","Buceo y esnorquel,Tours,Tours en barco y deportes acuaticos,Actividades al aire libre","Galapagos Underwater"
"-77.8203,-0.920594","Rafting y nado con salvavidas en el rio,Practica de kayak y canotaje,Tours,Actividades al aire libre,Tours en barco y deportes acuaticos","River People Rafting"
"-90.55072,-0.283442","Excursiones de pesca,Tours de naturaleza y vida silvestre,Tours en barco y deportes acuaticos,Tours,Actividades al aire libre","Galapagos Alternative"
"-90.313576,-0.743765","Buceo y esnorquel,Tours,Actividades al aire libre,Tours en barco y deportes acuaticos","Galapagos Tip Top Dive & Training"
"-78.42304,-1.39756","Tours en bicicleta,Rafting y nado con salvavidas en el rio,Tours,Tours en barco y deportes acuaticos,Actividades al aire libre","Geotours Adventure & Fun - Day Tours"
"-79.00894,-2.89875","Monumentos y lugares de interes,Museos de arte,Atracciones y lugares de interes,Museos","Prohibido Centro Cultural"
"-79.87693,-2.185657","Museos de historia,Museos militares,Museos","Museo Miniatura Guayaquil"
"-79.87693,-2.185657","Museos de historia,Museos de arte,Museos","Museum of Anthropology and Contemporary Art"
"-78.51274,-0.220151","Museos de arte,Museos","El Centro Cultural Metropolitano"
"-79.01146,-2.89625","Museos de arte,Museos","Museo Municipal de Arte Moderno"
",","Museos especializados,Museos","Museo Manuela Saenz"
"-78.514175,-0.22197","Museos de historia,Museos","Museum of Maria Augusta Urrutia (La Casa Museo Maria Augusta Urrutia)"
"-80.423805,-0.605031","Museos especializados,Museos","Museo Bahia de Caraquez"
"-78.51324,-0.221873","Museos militares,Museos","Museo Casa de Sucre"
"-79.00257,-2.900556","Museos especializados,Museos","El Museo de Las Conceptas"
"-78.515274,-0.220277","Museos de arte,Museos","San Francisco Museum and Convent (Museo Fray Pedro Gocial)"
"-89.60873,-0.888022","Lugares educativos,Museos de historia natural,Museos,Atracciones y lugares de interes","San Cristobal Interpretation Center"
"-78.421295,-1.39915","Tours para practicar rapel y barranquismo,Paravelismo y parapente,Tours,Tours en barco y deportes acuaticos,Actividades al aire libre","Imagine Ecuador - Day Tours"
"-78.514915,-0.222632","Museos de historia,Museos especializados,Museos","Museo de la Ciudad"
"-79.002335,-2.902395","Museos especializados,Museos","Museo de las Culturas Aborigenes"
"-78.99666,-2.905772","Museos especializados,Museos","Pumapungo Museo"
"-78.4951,-0.2097","Museos especializados,Museos","Museo Nacional Quito"
"-78.997734,-2.907236","Museos de historia,Museos","Pumapungo Museum and Arqueological Park - MCYP"
"-78.45448,-0.00109","Museos especializados,Museos","Intinan Museum"
"-78.51617,-0.221229","Museos especializados,Museos","Casa del Alabado"
"-78.46905,-0.190467","Museos de arte,Museos","Guayasamin Museum"
"-78.46931,-0.190091","Museos especializados,Museos","La Capilla Del Hombre"
"-78.48103,0.023238","Museos de historia,Museos","Museo Templo del Sol Pintor Ortega Maila"
",","Tours turisticos,Taxis y otros servicios de traslado,Transporte,Tours","Ecuador a Color"
"-78.49302,-0.206506","Transporte en autobus,Transporte","Terminal Terrestre Quitumbe"
"-78.480354,-0.181724","Ferris,Transporte","Ocean Adventures"
",","Tranvias,Transporte","Teleferico de Quito"
",","Transporte en autobus,Transporte","Transporte Publico en Quito"
",","Ferrocarriles,Transporte","Tren de la Dulzura"
"-78.43585,-1.39929","Transporte en autobus,Taxis y otros servicios de traslado,Transporte","Ambaturismo C.A."
"-78.48092,-0.187719","Taxis y otros servicios de traslado,Transporte","Quito Airport Shuttle"
"-89.612175,-0.905582","Ferris,Transporte","Galapagos Transfers - CERRADO TEMPORARIAMENTE"
",","Ferrocarriles,Transporte","Tren Ecuador"
"-78.53731,-0.186683","Tranvias,Transporte","Teleferico Quito"
",","Mas zoologicos y acuarios,Zoologicos y acuarios","Acurio Turistico de MIndo"
",","Acuarios,Zoologicos y acuarios,Naturaleza y parques","Acuario Amazonas"
",","Naturaleza y parques,Actividades al aire libre,Zoologicos y acuarios","Asilo de la Paz"
"-80.863495,-2.219503","Mas zoologicos y acuarios,Zoologicos y acuarios","Acuario Valdivia"
"-77.98649,-1.495679","Areas de naturaleza y vida silvestre,Actividades al aire libre,Zoologicos y acuarios,Naturaleza y parques","Fundacion Los Monos Selva y Vida"
"-78.48604,-0.178026","Mas zoologicos y acuarios,Zoologicos y acuarios","Vivarium"
",","Actividades al aire libre,Zoologicos y acuarios,Naturaleza y parques","Zoo El Arca"
"-78.010124,-1.498509","Naturaleza y parques,Actividades al aire libre,Zoologicos y acuarios","Zoorefugio Tarqui"
"-78.35681,-0.071433","Zoologicos y acuarios,Actividades al aire libre,Naturaleza y parques","Zoologico de Quito"
",","Naturaleza y parques,Zoologicos y acuarios,Actividades al aire libre","Zoologico de Guayllabamba"
"-79.93512,-2.104054","Zoologicos y acuarios,Actividades al aire libre,Naturaleza y parques","El Pantanal"
",","Zoologicos y acuarios,Actividades al aire libre,Naturaleza y parques","Zoologico de San Martin"
"-77.61242,-1.188666","Zoologicos y acuarios,Actividades al aire libre,Naturaleza y parques","Amazoonico Animal Rescue Centre"
"-78.953384,-2.897622","Areas de naturaleza y vida silvestre,Zoologicos y acuarios,Naturaleza y parques,Actividades al aire libre","Amaru Zoologica"
"-90.973595,-0.947319","Mas zoologicos y acuarios,Zoologicos y acuarios","Centro de Crianza Arnaldo Tupiza"
"-79.88323,-2.194808","Zoologicos y acuarios,Actividades al aire libre,Naturaleza y parques","Parque de las Iguanas"
"-78.47995,-0.174921","Juegos de escape,Diversion y juegos","Xcape"
"-79.87943,-2.191865","Cines,Diversion y juegos","Cinema Malecon"
"-78.47636,-0.16928","Cines,Diversion y juegos","Supercines"
"-79.89111,-2.171087","Cines,Diversion y juegos","Supercines San Marino"
"-78.447266,-0.008143","Centros de juego y entretenimiento,Campos de tiro,Diversion y juegos","CQB Paintball"
",","Monumentos y lugares de interes,Complejos deportivos,Atracciones y lugares de interes,Diversion y juegos","Cumanda Parque Urbano"
",","Rutas para ciclismo,Parques,Diversion y juegos,Actividades al aire libre,Naturaleza y parques","Mundo San Rafael"
",","Centros de juego y entretenimiento,Diversion y juegos","Paintballpaute"
"-80.734085,-0.944855","Mas opciones de juego y diversion,Diversion y juegos","Sensation"
",","Centros de juego y entretenimiento,Diversion y juegos","Play Zone"
"-78.475784,-0.186815","Juegos de escape,Diversion y juegos","Reto Eureka"
",","Cines,Diversion y juegos","Supercines"
",","Plazas,Parques,Diversion y juegos,Naturaleza y parques","El Arbolito Park"
",","Mas opciones de juego y diversion,Diversion y juegos","Futbol Aventura"
",","Mas opciones de juego y diversion,Diversion y juegos","Parque Acuatico - Araque"
"-78.485535,-0.175944","Cines,Diversion y juegos","Multicines"
"-78.489174,-0.184245","Juegos de escape,Diversion y juegos","EscapaYa"
"-79.90207,-2.158811","Mas opciones de juego y diversion,Diversion y juegos","Chivas Farreras"
",","Mas opciones de juego y diversion,Diversion y juegos","D Cameron Mompiche"
"-78.650986,-1.24271","Mas opciones de juego y diversion,Diversion y juegos","Parque Provincial de la Familia"
"-78.479996,-0.174822","Juegos de escape,Diversion y juegos","Xcape Juegos de Escape"
"-78.47244,-0.179632","Juegos de escape,Diversion y juegos","Room Escape UIO"
"-79.91358,-2.172179","Juegos de escape,Diversion y juegos","Escapology Guayaquil"
"-78.42625,-1.415848","Mas opciones de juego y diversion,Diversion y juegos","Casa Del Arbol"
"-78.4982,-0.189984","Spas y centros de bienestar","Shambhala Spa"
"-79.898315,-2.162237","Spas y centros de bienestar","Aqua Vita Spa Centro Estetico"
",","Spas y centros de bienestar","Zenia Spa"
"-78.42006,-1.400924","Clubs de salud/entrenamiento y gimnasios,Spas y centros de bienestar","Eduardo's Ecologia & Aventura"
"-79.029396,-2.894003","Spas y centros de bienestar","Massage Cuenca"
"-78.46966,-0.285965","Banos turcos,Spas y centros de bienestar","Cascada Spa Ecuador"
"-78.48989,-0.157907","Spas y centros de bienestar","Equilibrium"
"-78.43689,-1.404526","Spas y centros de bienestar","Prana Spa"
",","Spas y centros de bienestar","Normandia Spa"
",","Yoga y pilates,Spas y centros de bienestar","Vrindavan Eco Yoga Farm"
",","Spas termales,Spas y centros de bienestar","Termas Chachimbiro Arco Iris"
"-78.195175,0.200262","Yoga y pilates,Tours a caballo,Spas y centros de bienestar,Actividades al aire libre","4 Volcanoes Ranch"
",","Yoga y pilates,Spas y centros de bienestar","Hosteria Izhcayluma Spa"
"-78.42243,-1.398632","Spas y centros de bienestar","Huellas Natural Spa"
",","Spas y centros de bienestar","Mauli Spa"
",","Spas y centros de bienestar","Massage Montanita"
"-78.41867,-1.399377","Spas y centros de bienestar","Stay in Touch Massage"
"-78.423004,-1.399854","Spas y centros de bienestar","Yerba linda Spa y Masajes"
"-78.42205,-1.398578","Spas y centros de bienestar","Chakra Massages"
"-79.062126,-2.922633","Spas y centros de bienestar","Novaqua Spa"
",","Spas y centros de bienestar","Centre Devas"
",","Spas y centros de bienestar","La Playita"
"-80.45731,-0.461643","Yoga y pilates,Surf, windsurf y kitesurf,Actividades al aire libre,Tours en barco y deportes acuaticos,Tours,Spas y centros de bienestar","Betty Surf and Yoga"
",","Spas y centros de bienestar","JADE SPA"
",","Fuentes termales y geiseres,Naturaleza y parques,Spas y centros de bienestar","Las Piscinas de la Virgen"
"-79.0636,-2.92183","Banos turcos,Spas y centros de bienestar","Piedra de Agua Fuente Termal & Spa"
",","Spas y centros de bienestar","El Refugio Spa Garden"
"-78.13408,-0.343664","Fuentes termales y geiseres,Naturaleza y parques,Spas y centros de bienestar","Termas de Papallacta"
",","Tiendas especializadas y de regalos,Compras","Mercado Indigena"
"-79.01283,-2.894733","Galerias de arte,Museos,Compras","Art Cuenca"
"-78.478775,-0.158265","Centros comerciales,Compras","Scala Shopping"
",","Tiendas especializadas y de regalos,Compras","La Casa de la Makana"
",","Tiendas especializadas y de regalos,Compras","Tahuantinsuyo Weaving Workshop"
"-78.71068,-1.933161","Tiendas especializadas y de regalos,Compras","Market Guamote"
"-78.49297,-0.202896","Tiendas especializadas y de regalos,Compras","Galeria Latina"
",","Tiendas especializadas y de regalos,Compras","Mercado Inaquito"
"-79.00499,-2.897059","Tiendas especializadas y de regalos,Compras","Maki FairTrade"
",","Galerias de arte,Compras,Museos","Maki-Art Gallery"
"-78.503654,-0.227557","Galerias de arte,Museos,Compras","Centro Cultural Itchimbia"
"-78.485535,-0.175944","Centros comerciales,Compras","Quicentro Shopping"
"-78.99955,-2.900177","Tiendas especializadas y de regalos,Compras","Galapagos Artesanias"
"-78.49001,-0.203374","Tiendas especializadas y de regalos,Compras","English Bookstore"
"-79.88054,-2.185002","Tiendas especializadas y de regalos,Compras","Mercado Artesanal"
"-79.00165,-2.903354","Tiendas especializadas y de regalos,Compras","Mercado 10 De Agosto"
"-78.490036,-0.202304","Tiendas especializadas y de regalos,Compras","Galeria Ecuador"
",","Mercados de pulgas y callejeros,Monumentos y lugares de interes,Atracciones y lugares de interes,Compras","Plaza Civica"
",","Centros comerciales,Compras","Mall Del Sol"
",","Tiendas especializadas y de regalos,Compras","Ecua-Andino Hats"
"-78.48418,-0.202925","Tiendas especializadas y de regalos,Compras","Olga Fisch Folklore"
"-90.3106,-0.742469","Galerias de arte,Museos,Compras","Galeria Aymara"
"-78.26202,0.229506","Tiendas especializadas y de regalos,Compras","Plaza De Los Ponchos Mercado"
"-79.01014,-2.92378","Galerias de arte,Compras,Museos","Ceramica Vega"
"-79.00692,-2.900345","Museos especializados,Tiendas especializadas y de regalos,Compras,Museos","Barrancos Panama Hats"
"-78.495125,-0.207069","Tiendas especializadas y de regalos,Compras","Mercado Artesanal La Mariscal"
"-79.878685,-2.100797","Tiendas especializadas y de regalos,Compras","Plaza Lagos"
"-78.99293,-2.891254","Galerias de arte,Museos especializados,Museos,Compras","Homero Ortega"
"-78.26201,0.229797","Mercados de pulgas y callejeros,Compras","Otavalo Market"
",","Mas opciones gastronomicas,Comida y bebida","Relicario lomos&brasa"
",","Tours gastronomicos,Comida y bebida,Tours","Galapagos Foodie"
",","Tours gastronomicos,Tours,Comida y bebida","Asociocion Winak"
"-79.005554,-2.900969","Cervecerias,Comida y bebida","Becken Cerveza"
",","Mercados de agricultores,Comida y bebida,Compras","Mercado 24 de Mayo"
"-78.61028,-0.934674","Bares y discotecas,Bares de vinos,Comida y bebida,Vida nocturna","El Quijote"
",","Mercados de agricultores,Comida y bebida,Compras","Mercad de Santa Clara"
"-78.512024,-0.22067","Tours gastronomicos,Tours,Comida y bebida","Pacari Chocolate Ecuador"
",","Mercados de agricultores,Mercados de pulgas y callejeros,Comida y bebida,Compras","Weekly Market"
"-78.141525,0.040979","Mas opciones gastronomicas,Comida y bebida","Fabrica de Bizcochos de Don Pedro."
"-80.025566,-2.188325","Tours gastronomicos,Comida y bebida,Tours","El Castillo Chocolate Farm"
"-78.49385,-0.20386","Tours gastronomicos,Tours por la ciudad,Comida y bebida,Tours,Actividades al aire libre","Intisamay Tours"
"-79.20411,-3.996417","Mercados de agricultores,Mercados de pulgas y callejeros,Comida y bebida,Compras","Mercado Centro Comercial Loja"
"-79.00249,-2.902657","Tours a pie,Tours gastronomicos,Tours,Comida y bebida","Experience Cuenca Ecuador"
"-78.47931,-0.195802","Tours gastronomicos,Tours culturales,Comida y bebida,Tours","Urban Adventures Quito"
"-78.77402,-0.051006","Tours gastronomicos,Tours,Comida y bebida","El Quetzal de Mindo Chocolate Tour"
",","Tours a pie,Tours gastronomicos,Comida y bebida,Tours","Community Adventures"
"-78.11942,0.350078","Bares y discotecas,Vida nocturna","Tsunami Club"
"-80.72993,-0.945387","Bares y discotecas,Vida nocturna","Molotov Rock Bar Manta"
"-80.96778,-2.205663","Bares y discotecas,Vida nocturna","The Aloha Bar"
"-78.48414,-0.167131","Bares y discotecas,Bares de karaoke,Vida nocturna","Friends Corner"
"-79.94118,-3.277689","Discotecas y clubes de baile,Vida nocturna","UP By Lua"
",","Bares y discotecas,Discotecas y clubes de baile,Vida nocturna","Volcan Bar Disc"
"-79.003525,-2.898797","Bares y discotecas,Vida nocturna","Restaurant Indigo"
"-78.48481,-0.193076","Discotecas y clubes de baile,Vida nocturna","Blues"
",","Bares y discotecas,Vida nocturna","Amauta Pena Bar"
"-79.20067,-3.991223","Discotecas y clubes de baile,Vida nocturna","D LEY T Disco Bar"
",","Bares y discotecas,Vida nocturna","Due2bar"
",","Bares y discotecas,Vida nocturna","La Casettera Retro Bar"
",","Bares y discotecas,Vida nocturna","Viejo Minero"
",","Bares y discotecas,Vida nocturna","Jungle Bar"
"-78.42215,-1.397579","Bares y discotecas,Vida nocturna","Jack Rock Cafe"
",","Bares y discotecas,Vida nocturna","Pipas Bar"
"-79.00911,-2.89757","Bares y discotecas,Vida nocturna","Paris Bar & Lounge"
"-80.75379,-1.827237","Bares y discotecas,Discotecas y clubes de baile,Vida nocturna","Nativa Bambu Disco"
",","Bares y discotecas,Vida nocturna","Beto's Beach Bar"
"-78.49001,-0.203374","Bares y discotecas,Vida nocturna","Bungalow 6"
"-78.49021,-0.208105","Bares y discotecas,Vida nocturna","Strawberry Fields"
"-78.422195,-1.396532","Bares y discotecas,Vida nocturna","Goodbar"
"-80.46319,-1.050836","Bares y discotecas,Vida nocturna","La Trova Bar Gourmet"
",","Cafeterias,Vida nocturna","Khipus Artesanias Choco-Cafe"
"-78.50718,-0.22101","Tours nocturnos,Tours de bares, discotecas y pubs,Tours,Vida nocturna","Pub Crawl Quito"
"-79.20149,-3.983546","Bares y discotecas,Vida nocturna","Zarza Brewing Co."
"-78.49091,-0.203897","Bares y discotecas,Vida nocturna","Finn McCools"
"-78.422226,-1.396577","Bares y discotecas,Vida nocturna","Leprechuan Bar"
"-78.263695,0.222342","Clases y talleres","Ailola Otavalo - Day Class"
"-79.01261,-2.905657","Clases de cocina,Comida y bebida,Clases y talleres","Cook Life"
"-79.01072,-2.897497","Clases y talleres","Gato Alado Project"
"-80.453415,-0.464393","Tours culturales,Actividades al aire libre,Clases y talleres,Tours","Casa Caracol"
"-78.50737,-0.218003","Clases y talleres","ISE Instituto Superior de Espanol"
",","Clases y talleres","Outdoor Ecuador Spanish School"
"-80.7667,-1.76667","Yoga y pilates,Clases y talleres,Tours,Actividades al aire libre,Spas y centros de bienestar,Tours en barco y deportes acuaticos","Otra Ola"
"-78.489296,-0.205242","Clases y talleres","Simon Bolivar Spanish School"
",","Clases y talleres","Ailola Quito Spanish School Day Class"
",","Teatros,Teatros donde se puede cenar,Conciertos y espectaculos","Teatro Imay"
"-78.12549,0.384985","Teatro y espectaculos,Conciertos y espectaculos","Cafe Arte Ibarra"
",","Teatros,Conciertos y espectaculos","Teatro El Angel"
",","Teatros donde se puede cenar,Conciertos y espectaculos","Likapaay Kusina Show"
"-78.47684,-0.181807","Bares y discotecas,Clubs y bares de blues,Comida y bebida,Vida nocturna,Conciertos y espectaculos","Chosen Bar"
"-78.438675,-0.150562","Teatros,Teatro y espectaculos,Conciertos y espectaculos","Estudio de Actores"
"-78.51113,-0.22232","Teatros,Conciertos y espectaculos","Teatro Bolivar"
"-78.495415,-0.209934","Teatro y espectaculos,Teatros,Conciertos y espectaculos","Jacchigua"
"-78.49743,-0.206479","Teatro y espectaculos,Conciertos y espectaculos","Patio de Comedias"
"-79.86949,-2.148988","Teatro y espectaculos,Conciertos y espectaculos","Supercines"
",","Teatros,Conciertos y espectaculos","Teatro Sucre"
"-79.867,-2.142","Teatros,Conciertos y espectaculos","Teatro Sanchez Aguilar"
"-79.00451,-2.900094","Clubs y bares de jazz,Conciertos y espectaculos,Vida nocturna","Jazz Society Cafe"
"-78.501884,-0.183849","Teatros,Conciertos y espectaculos","Casa de la Musica"
"-78.367195,-1.398126","Parques tematicos,Parques acuaticos y de diversiones","Discovery Banos"
"-78.41938,-1.400475","Parques acuaticos y de diversiones","Piscina Santa Clara"
"-78.41985,-0.168483","Parques tematicos,Parques acuaticos y de diversiones","Nayon Xtreme Valley"
",","Centros de conferencias y convenciones,Recursos para viajeros","Cemexpo"
",","Centros de informacion turistica,Recursos para viajeros","Guia de Banos"
",","Centros de informacion turistica,Recursos para viajeros","Itay Tourist Information"
"-79.884155,-2.19447","Iglesias y catedrales,Atracciones y lugares de interes","Catedral Metropolitana de Guayaquil"
"-78.42101,-1.397217","Lugares religiosos y sagrados,Atracciones y lugares de interes","Church of the Virgin of the Holy Water (Nuestra Senora del Agua Santa)"
"-78.5142,-0.220278","Edificios con valor arquitectonico,Lugares religiosos y sagrados,Atracciones y lugares de interes","Catedral de Quito (La Catedral)"
"-78.87486,-2.539753","Ruinas antiguas,Lugares historicos,Atracciones y lugares de interes","Ingapirca Ruins"
",","Granjas,Ranchos,Atracciones y lugares de interes","Hacienda La Danesa"
",","Lugares educativos,Atracciones y lugares de interes","Montanita Spanish School - Day Classes"
"-78.51848,-0.228877","Monumentos y estatuas,Atracciones y lugares de interes","Panecillo"
"-78.45543,-0.002188","Monumentos y lugares de interes,Museos de historia,Museos,Atracciones y lugares de interes","Mitad del Mundo"
"-79.01,-2.922374","Iglesias y catedrales,Atracciones y lugares de interes","Mirador de Turi"
"-78.51535,-0.220977","Monumentos y lugares de interes,Atracciones y lugares de interes","Plaza de San Francisco"
"-78.518616,-0.230386","Monumentos y lugares de interes,Atracciones y lugares de interes","El Panecillo"
"-90.31213,-0.743533","Monumentos y lugares de interes,Atracciones y lugares de interes","Santa Cruz Fish Market"
"-78.42647,-1.418631","Miradores,Monumentos y lugares de interes,Atracciones y lugares de interes","La casa del Arbol - Mirador"
"-78.51251,-0.219698","Edificios con valor arquitectonico,Atracciones y lugares de interes","Palacio de Gobierno"
"-79.004944,-2.897759","Monumentos y lugares de interes,Atracciones y lugares de interes","Plaza Abdon Calderon"
"-79.87552,-2.181048","Vecindarios,Atracciones y lugares de interes","Cerro Santa Ana"
"-78.51472,-0.223917","Lugares educativos,Atracciones y lugares de interes","Calle La Ronda"
"-78.51216,-0.220067","Monumentos y lugares de interes,Atracciones y lugares de interes","Plaza de la Independencia (Plaza Grande)"
",","Monumentos y lugares de interes,Atracciones y lugares de interes","Parque Historico"
"-79.87957,-2.192544","Muelles y paseos peatonales,Atracciones y lugares de interes","Malecon 2000"
"-79.875534,-2.182113","Vecindarios,Atracciones y lugares de interes","Las Penas"
"-79.870544,-2.144917","Monumentos y lugares de interes,Atracciones y lugares de interes","Parque Historico Guayaquil"
"-79.00488,-2.897458","Lugares religiosos y sagrados,Edificios con valor arquitectonico,Atracciones y lugares de interes","Catedral de la Immaculada (Catedral Nueva)"
"-78.51474,-0.220606","Edificios con valor arquitectonico,Lugares religiosos y sagrados,Atracciones y lugares de interes","Iglesia de San Francisco"
",","Monumentos y lugares de interes,Atracciones y lugares de interes","Kicker Rock"
"-78.50746,-0.214936","Lugares religiosos y sagrados,Edificios con valor arquitectonico,Atracciones y lugares de interes","Basilica"
"-78.51444,-0.221111","Areas historicas peatonales,Atracciones y lugares de interes","Quito Old Town"
"-78.51362,-0.220977","Lugares religiosos y sagrados,Edificios con valor arquitectonico,Atracciones y lugares de interes","Iglesia de La Compania de Jesus"
"-90.291794,-0.397891","Islas,Naturaleza y parques","North Seymour Island"
"-79.00315,-2.903655","Masas de agua,Naturaleza y parques","Rio Tomebamba"
"-90.31553,-0.757077","Formaciones geologicas,Naturaleza y parques","Las Grietas"
"-78.915146,-0.867052","Masas de agua,Naturaleza y parques","Laguna Quilotoa"
"-90.43075,-0.668933","Areas de naturaleza y vida silvestre,Naturaleza y parques","Reserva El Chato"
"-78.91571,-0.866456","Masas de agua,Naturaleza y parques","Laguna Quilotoa"
"-78.295555,-1.404444","Cascadas,Naturaleza y parques","Pailon del Diablo (Devil's Cauldron)"
"-79.22198,-2.782567","Parques nacionales,Naturaleza y parques","El Cajas National Park (Parque Nacional Cajas)"
",","Areas de naturaleza y vida silvestre,Naturaleza y parques","Cuyabeno Reserve"
"-78.76169,-0.068436","Areas de naturaleza y vida silvestre,Naturaleza y parques","Mariposas de Mindo"
",","Parques,Naturaleza y parques","Parque Metropolitano"
"-90.95854,-0.961942","Areas de naturaleza y vida silvestre,Naturaleza y parques","Concha de Perla"
"-78.436,-0.676997","Volcanes,Naturaleza y parques","Cotopaxi Volcano"
"-89.60861,-0.888056","Parques nacionales,Areas de naturaleza y vida silvestre,Naturaleza y parques","Cerro Tijeretas"
"-78.48514,-0.184349","Parques,Naturaleza y parques","Parque La Carolina"
"-78.43624,-0.653381","Parques nacionales,Areas de naturaleza y vida silvestre,Naturaleza y parques","Parque Nacional Cotopaxi"
"-78.2425,0.241","Cascadas,Naturaleza y parques","Peguche Waterfall"
"-90.961044,-0.971739","Islas,Naturaleza y parques","Las Tintoreras"
"-78.35155,0.293408","Masas de agua,Naturaleza y parques","Laguna Cuicocha"
"-78.44196,-1.466905","Volcanes,Naturaleza y parques","Tungurahua"
"-80.0273861,0.5053968","Actividades al aire libre,Zoologicos y acuarios,Naturaleza y parques","Mompiche"
"-78.270421,0.3020368","Actividades al aire libre,Zoologicos y acuarios,Naturaleza y parques","Cotacachi"
